{"metadata":{"version":4,"type":"geometry","generator":"GeometryExporter"},"vertices":[-50,50,-50,-50,40.59567928314209,-50,-50,40.59567928314209,50,-50,50,50,-1.3705902099609304,50,-1.3705902099609304,-1.3705902099609304,50,50,-1.3705902099609304,50,-50,-1.3705902099609304,45.42673434062963,50,-1.3705902099609304,40.59567928314209,50,-1.3705902099609304,45.16894494251246,-50,-1.3705902099609304,40.59567928314209,-50,-1.3705902099609304,40.59567928314209,1.3705902099609233,-1.3705902099609304,40.59567928314209,-50.00000000000001,-1.370590209960934,40.59567928314209,-50,-1.3705902099609346,50,-50,-1.3705902099609346,49.99999999999999,50,-1.370590209960934,40.59567928314209,50],"normals":[-1,0,0,-0.6666666666666666,0.6666666666666666,-0.3333333333333333,-0.2672612419124244,-0.5345224838248488,-0.8017837257372732,-0.5773502691896258,-0.5773502691896258,0.5773502691896258,-0.3333333333333333,0.6666666666666666,0.6666666666666666,0,1,0,0,0.7071067811865475,0.7071067811865475,0,0.4472135954999579,-0.8944271909999159,0,0,1,0,-0.7071067811865475,0.7071067811865475,0,0,-1,0,-1,0,1,7.08327411230247e-17,5.032968965894092e-33],"uvs":[[]],"faces":[48,0,1,2,0,1,2,3,48,0,2,3,0,1,3,4,48,4,0,3,5,5,1,4,48,4,3,5,5,5,4,6,48,6,0,4,5,7,1,5,48,7,3,2,8,8,4,3,48,7,2,8,8,8,3,9,48,5,3,7,8,6,4,8,48,9,10,1,10,10,10,2,48,6,9,1,10,7,10,2,48,6,1,0,10,7,2,1,48,11,2,1,11,11,3,2,48,11,1,12,11,11,2,11,48,8,2,11,11,9,3,11,48,13,14,15,12,12,12,12,48,13,15,16,12,12,12,12]}