{"metadata":{"version":4,"type":"geometry","generator":"GeometryExporter"},"vertices":[50,50,50,50,0.4295196533203125,50,50,0.4295196533203125,-50,50,50,-50,-50,50,-50,-50,0.4295196533203125,-50,-50,0.4295196533203125,50,-50,50,50,-50,0.4295196533203125,-50.00000000000001],"normals":[1,0,0,0.6666666666666666,0.6666666666666666,0.3333333333333333,0.4082482904638631,-0.4082482904638631,0.8164965809277261,0.6666666666666666,-0.6666666666666666,-0.3333333333333333,0.4082482904638631,0.4082482904638631,-0.8164965809277261,-1,0,0,-0.6666666666666666,0.6666666666666666,-0.3333333333333333,-0.4472135954999579,0,-0.8944271909999159,-0.6666666666666666,-0.6666666666666666,0.3333333333333333,-0.4082482904638631,0.4082482904638631,0.8164965809277261,0,1,0,0,0,1,0,0,-1,0,-1,0],"uvs":[[]],"faces":[48,0,1,2,0,1,2,3,48,0,2,3,0,1,3,4,48,4,5,6,5,6,7,8,48,4,6,7,5,6,8,9,48,4,7,0,10,6,9,1,48,4,0,3,10,6,1,4,48,7,6,1,11,9,8,2,48,7,1,0,11,9,2,1,48,3,2,5,12,4,3,7,48,3,5,4,12,4,7,6,48,6,8,2,13,8,13,3,48,6,2,1,13,8,3,2]}